counter,day,twap
0,1641427200000,0.1957773475609756
1,1639425600000,0.0916117682926829
2,1640030400000,0.1366912621951219
3,1640635200000,0.1738726707317073
4,1641240000000,0.2081086524390243
